{"cameraMode":{"drawMode":0,"name":"Shaded","section":"Shading Mode"},"sceneLighting":false,"audioPlay":false,"sceneViewState":{"m_AlwaysRefresh":false,"showFog":true,"showSkybox":false,"showFlares":true,"showImageEffects":true,"showParticleSystems":true,"showVisualEffectGraphs":true,"m_FxEnabled":true},"in2DMode":false,"pivot":{"x":0.30550289154052737,"y":0.10581374168395996,"z":-0.45268869400024416},"rotation":{"x":-0.007941142655909062,"y":-0.9918397068977356,"z":0.10001666843891144,"w":-0.0787215456366539},"size":4.118907928466797,"orthographic":true}