{"cameraMode":{"drawMode":0,"name":"Shaded","section":"Shading Mode"},"sceneLighting":false,"audioPlay":false,"sceneViewState":{"m_AlwaysRefresh":false,"showFog":true,"showSkybox":false,"showFlares":true,"showImageEffects":true,"showParticleSystems":true,"showVisualEffectGraphs":true,"m_FxEnabled":true},"in2DMode":false,"pivot":{"x":0.4830384850502014,"y":-1.2341134548187256,"z":2.3590004444122316},"rotation":{"x":0.008999829180538655,"y":-0.0044998908415436749,"z":0.00004048612390761264,"w":0.9999496936798096},"size":4.126084804534912,"orthographic":true}